{
    "$schema": "../gen/schemas/desktop-schema.json",
    "identifier": "main-capability",
    "description": "Capability for the main window",
    "windows": [
        "main"
    ],
    "permissions": [
        "core:default",
        "core:image:default",
        "core:window:allow-show",
        "core:window:allow-hide",
        "core:app:allow-app-show",
        "core:app:allow-app-hide",
        "store:default",
        "dialog:allow-open",
        "dialog:default",
        "autostart:default",
        "log:default",
        "fs:default",
        "fs:allow-read",
        "fs:allow-write",
        "fs:allow-read-text-file",
        "fs:allow-write-text-file"
    ]
}
